Loan_ID,Gender,Married,Dependents,Education,Self_Employed,ApplicantIncome,CoapplicantIncome,LoanAmount,Loan_Amount_Term,Credit_History,Property_Area,Loan_Status,LoanAmountMedian,ApplicantIncomeMedian
LP001003,-1,True,1,True,False,4583,1508.0,128.0,360.0,True,Rural,N,False,True
LP001005,-1,True,0,True,True,3000,0.0,66.0,360.0,True,Urban,Y,False,False
LP001006,-1,True,0,False,False,2583,2358.0,120.0,360.0,True,Urban,Y,False,False
LP001008,-1,False,0,True,False,6000,0.0,141.0,360.0,True,Urban,Y,True,True
LP001011,-1,True,2,True,True,5417,4196.0,267.0,360.0,True,Urban,Y,True,True
LP001013,-1,True,0,False,False,2333,1516.0,95.0,360.0,True,Urban,Y,False,False
LP001014,-1,True,3+,True,False,3036,2504.0,158.0,360.0,False,Semiurban,N,True,False
LP001018,-1,True,2,True,False,4006,1526.0,168.0,360.0,True,Urban,Y,True,True
LP001020,-1,True,1,True,False,12841,10968.0,349.0,360.0,True,Semiurban,N,True,True
LP001024,-1,True,2,True,False,3200,700.0,70.0,360.0,True,Urban,Y,False,False
LP001028,-1,True,2,True,False,3073,8106.0,200.0,360.0,True,Urban,Y,True,False
LP001029,-1,False,0,True,False,1853,2840.0,114.0,360.0,True,Rural,N,False,False
LP001030,-1,True,2,True,False,1299,1086.0,17.0,120.0,True,Urban,Y,False,False
LP001032,-1,False,0,True,False,4950,0.0,125.0,360.0,True,Urban,Y,False,True
LP001036,1,False,0,True,False,3510,0.0,76.0,360.0,False,Urban,N,False,False
LP001038,-1,True,0,False,False,4887,0.0,133.0,360.0,True,Rural,N,True,True
LP001043,-1,True,0,False,False,7660,0.0,104.0,360.0,False,Urban,N,False,True
LP001046,-1,True,1,True,False,5955,5625.0,315.0,360.0,True,Urban,Y,True,True
LP001047,-1,True,0,False,False,2600,1911.0,116.0,360.0,False,Semiurban,N,False,False
LP001066,-1,True,0,True,True,9560,0.0,191.0,360.0,True,Semiurban,Y,True,True
LP001068,-1,True,0,True,False,2799,2253.0,122.0,360.0,True,Semiurban,Y,False,False
LP001073,-1,True,2,False,False,4226,1040.0,110.0,360.0,True,Urban,Y,False,True
LP001086,-1,False,0,False,False,1442,0.0,35.0,360.0,True,Urban,N,False,False
LP001095,-1,False,0,True,False,3167,0.0,74.0,360.0,True,Urban,N,False,False
LP001097,-1,False,1,True,True,4692,0.0,106.0,360.0,True,Rural,N,False,True
LP001098,-1,True,0,True,False,3500,1667.0,114.0,360.0,True,Semiurban,Y,False,False
LP001100,-1,False,3+,True,False,12500,3000.0,320.0,360.0,True,Rural,N,True,True
LP001112,1,True,0,True,False,3667,1459.0,144.0,360.0,True,Semiurban,Y,True,False
LP001114,-1,False,0,True,False,4166,7210.0,184.0,360.0,True,Urban,Y,True,True
LP001116,-1,False,0,False,False,3748,1668.0,110.0,360.0,True,Semiurban,Y,False,False
LP001119,-1,False,0,True,False,3600,0.0,80.0,360.0,True,Urban,N,False,False
LP001120,-1,False,0,True,False,1800,1213.0,47.0,360.0,True,Urban,Y,False,False
LP001131,-1,True,0,True,False,3941,2336.0,134.0,360.0,True,Semiurban,Y,True,True
LP001138,-1,True,1,True,False,5649,0.0,44.0,360.0,True,Urban,Y,False,True
LP001144,-1,True,0,True,False,5821,0.0,144.0,360.0,True,Urban,Y,True,True
LP001146,1,True,0,True,False,2645,3440.0,120.0,360.0,False,Urban,N,False,False
LP001151,1,False,0,True,False,4000,2275.0,144.0,360.0,True,Semiurban,Y,True,True
LP001155,1,True,0,False,False,1928,1644.0,100.0,360.0,True,Semiurban,Y,False,False
LP001157,1,False,0,True,False,3086,0.0,120.0,360.0,True,Semiurban,Y,False,False
LP001164,1,False,0,True,False,4230,0.0,112.0,360.0,True,Semiurban,N,False,True
LP001179,-1,True,2,True,False,4616,0.0,134.0,360.0,True,Urban,N,True,True
LP001186,1,True,1,True,True,11500,0.0,286.0,360.0,False,Urban,N,True,True
LP001194,-1,True,2,True,False,2708,1167.0,97.0,360.0,True,Semiurban,Y,False,False
LP001195,-1,True,0,True,False,2132,1591.0,96.0,360.0,True,Semiurban,Y,False,False
LP001197,-1,True,0,True,False,3366,2200.0,135.0,360.0,True,Rural,N,True,False
LP001198,-1,True,1,True,False,8080,2250.0,180.0,360.0,True,Urban,Y,True,True
LP001199,-1,True,2,False,False,3357,2859.0,144.0,360.0,True,Urban,Y,True,False
LP001205,-1,True,0,True,False,2500,3796.0,120.0,360.0,True,Urban,Y,False,False
LP001206,-1,True,3+,True,False,3029,0.0,99.0,360.0,True,Urban,Y,False,False
LP001207,-1,True,0,False,True,2609,3449.0,165.0,180.0,False,Rural,N,True,False
LP001222,1,False,0,True,False,4166,0.0,116.0,360.0,False,Semiurban,N,False,True
LP001225,-1,True,0,True,False,5726,4595.0,258.0,360.0,True,Semiurban,N,True,True
LP001228,-1,False,0,False,False,3200,2254.0,126.0,180.0,False,Urban,N,False,False
LP001233,-1,True,1,True,False,10750,0.0,312.0,360.0,True,Urban,Y,True,True
LP001238,-1,True,3+,False,True,7100,0.0,125.0,60.0,True,Urban,Y,False,True
LP001241,1,False,0,True,False,4300,0.0,136.0,360.0,False,Semiurban,N,True,True
LP001243,-1,True,0,True,False,3208,3066.0,172.0,360.0,True,Urban,Y,True,False
LP001245,-1,True,2,False,True,1875,1875.0,97.0,360.0,True,Semiurban,Y,False,False
LP001248,-1,False,0,True,False,3500,0.0,81.0,300.0,True,Semiurban,Y,False,False
LP001253,-1,True,3+,True,True,5266,1774.0,187.0,360.0,True,Semiurban,Y,True,True
LP001255,-1,False,0,True,False,3750,0.0,113.0,480.0,True,Urban,N,False,False
LP001256,-1,False,0,True,False,3750,4750.0,176.0,360.0,True,Urban,N,True,False
LP001259,-1,True,1,True,True,1000,3022.0,110.0,360.0,True,Urban,N,False,False
LP001263,-1,True,3+,True,False,3167,4000.0,180.0,300.0,False,Semiurban,N,True,False
LP001265,1,False,0,True,False,3846,0.0,111.0,360.0,True,Semiurban,Y,False,False
LP001267,1,True,2,True,False,1378,1881.0,167.0,360.0,True,Urban,N,True,False
LP001275,-1,True,1,True,False,3988,0.0,50.0,240.0,True,Urban,Y,False,True
LP001279,-1,False,0,True,False,2366,2531.0,136.0,360.0,True,Semiurban,Y,True,False
LP001282,-1,True,0,True,False,2500,2118.0,104.0,360.0,True,Semiurban,Y,False,False
LP001289,-1,False,0,True,False,8566,0.0,210.0,360.0,True,Urban,Y,True,True
LP001310,-1,True,0,True,False,5695,4167.0,175.0,360.0,True,Semiurban,Y,True,True
LP001316,-1,True,0,True,False,2958,2900.0,131.0,360.0,True,Semiurban,Y,True,False
LP001318,-1,True,2,True,False,6250,5654.0,188.0,180.0,True,Semiurban,Y,True,True
LP001319,-1,True,2,False,False,3273,1820.0,81.0,360.0,True,Urban,Y,False,False
LP001322,-1,False,0,True,False,4133,0.0,122.0,360.0,True,Semiurban,Y,False,True
LP001325,-1,False,0,False,False,3620,0.0,25.0,120.0,True,Semiurban,Y,False,False
LP001327,1,True,0,True,False,2484,2302.0,137.0,360.0,True,Semiurban,Y,True,False
LP001333,-1,True,0,True,False,1977,997.0,50.0,360.0,True,Semiurban,Y,False,False
LP001334,-1,True,0,False,False,4188,0.0,115.0,180.0,True,Semiurban,Y,False,True
LP001343,-1,True,0,True,False,1759,3541.0,131.0,360.0,True,Semiurban,Y,True,False
LP001345,-1,True,2,False,False,4288,3263.0,133.0,180.0,True,Urban,Y,True,True
LP001349,-1,False,0,True,False,4843,3806.0,151.0,360.0,True,Semiurban,Y,True,True
LP001367,-1,True,1,True,False,3052,1030.0,100.0,360.0,True,Urban,Y,False,False
LP001369,-1,True,2,True,False,11417,1126.0,225.0,360.0,True,Urban,Y,True,True
LP001379,-1,True,2,True,False,3800,3600.0,216.0,360.0,False,Urban,N,True,False
LP001384,-1,True,3+,False,False,2071,754.0,94.0,480.0,True,Semiurban,Y,False,False
LP001385,-1,False,0,True,False,5316,0.0,136.0,360.0,True,Urban,Y,True,True
LP001401,-1,True,1,True,False,14583,0.0,185.0,180.0,True,Rural,Y,True,True
LP001404,1,True,0,True,False,3167,2283.0,154.0,360.0,True,Semiurban,Y,True,False
LP001421,-1,True,0,True,False,5568,2142.0,175.0,360.0,True,Rural,N,True,True
LP001422,1,False,0,True,False,10408,0.0,259.0,360.0,True,Urban,Y,True,True
LP001426,-1,True,,True,False,5667,2667.0,180.0,360.0,True,Rural,Y,True,True
LP001430,1,False,0,True,False,4166,0.0,44.0,360.0,True,Semiurban,Y,False,True
LP001431,1,False,0,True,False,2137,8980.0,137.0,360.0,False,Semiurban,Y,True,False
LP001432,-1,True,2,True,False,2957,0.0,81.0,360.0,True,Semiurban,Y,False,False
LP001439,-1,True,0,False,False,4300,2014.0,194.0,360.0,True,Rural,Y,True,True
LP001451,-1,True,1,True,True,10513,3850.0,160.0,180.0,False,Urban,N,True,True
LP001473,-1,False,0,True,False,2014,1929.0,74.0,360.0,True,Urban,Y,False,False
LP001478,-1,False,0,True,False,2718,0.0,70.0,360.0,True,Semiurban,Y,False,False
LP001482,-1,True,0,True,True,3459,0.0,25.0,120.0,True,Semiurban,Y,False,False
LP001487,-1,False,0,True,False,4895,0.0,102.0,360.0,True,Semiurban,Y,False,True
LP001488,-1,True,3+,True,False,4000,7750.0,290.0,360.0,True,Semiurban,N,True,True
LP001489,1,True,0,True,False,4583,0.0,84.0,360.0,True,Rural,N,False,True
LP001491,-1,True,2,True,True,3316,3500.0,88.0,360.0,True,Urban,Y,False,False
LP001492,-1,False,0,True,False,14999,0.0,242.0,360.0,False,Semiurban,N,True,True
LP001493,-1,True,2,False,False,4200,1430.0,129.0,360.0,True,Rural,N,True,True
LP001497,-1,True,2,True,False,5042,2083.0,185.0,360.0,True,Rural,N,True,True
LP001498,-1,False,0,True,False,5417,0.0,168.0,360.0,True,Urban,Y,True,True
LP001504,-1,False,0,True,True,6950,0.0,175.0,180.0,True,Semiurban,Y,True,True
LP001507,-1,True,0,True,False,2698,2034.0,122.0,360.0,True,Semiurban,Y,False,False
LP001508,-1,True,2,True,False,11757,0.0,187.0,180.0,True,Urban,Y,True,True
LP001514,1,True,0,True,False,2330,4486.0,100.0,360.0,True,Semiurban,Y,False,False
LP001516,1,True,2,True,False,14866,0.0,70.0,360.0,True,Urban,Y,False,True
LP001518,-1,True,1,True,False,1538,1425.0,30.0,360.0,True,Urban,Y,False,False
LP001519,1,False,0,True,False,10000,1666.0,225.0,360.0,True,Rural,N,True,True
LP001520,-1,True,0,True,False,4860,830.0,125.0,360.0,True,Semiurban,Y,False,True
LP001528,-1,False,0,True,False,6277,0.0,118.0,360.0,False,Rural,N,False,True
LP001529,-1,True,0,True,True,2577,3750.0,152.0,360.0,True,Rural,Y,True,False
LP001531,-1,False,0,True,False,9166,0.0,244.0,360.0,True,Urban,N,True,True
LP001532,-1,True,2,False,False,2281,0.0,113.0,360.0,True,Rural,N,False,False
LP001535,-1,False,0,True,False,3254,0.0,50.0,360.0,True,Urban,Y,False,False
LP001536,-1,True,3+,True,False,39999,0.0,600.0,180.0,False,Semiurban,Y,True,True
LP001543,-1,True,1,True,False,9538,0.0,187.0,360.0,True,Urban,Y,True,True
LP001552,-1,True,0,True,False,4583,5625.0,255.0,360.0,True,Semiurban,Y,True,True
LP001560,-1,True,0,False,False,1863,1041.0,98.0,360.0,True,Semiurban,Y,False,False
LP001562,-1,True,0,True,False,7933,0.0,275.0,360.0,True,Urban,N,True,True
LP001565,-1,True,1,True,False,3089,1280.0,121.0,360.0,False,Semiurban,N,False,False
LP001570,-1,True,2,True,False,4167,1447.0,158.0,360.0,True,Rural,Y,True,True
LP001572,-1,True,0,True,False,9323,0.0,75.0,180.0,True,Urban,Y,False,True
LP001577,1,True,0,True,False,4583,0.0,112.0,360.0,True,Rural,N,False,True
LP001578,-1,True,0,True,False,2439,3333.0,129.0,360.0,True,Rural,Y,True,False
LP001579,-1,False,0,True,False,2237,0.0,63.0,480.0,False,Semiurban,N,False,False
LP001580,-1,True,2,True,False,8000,0.0,200.0,360.0,True,Semiurban,Y,True,True
LP001586,-1,True,3+,False,False,3522,0.0,81.0,180.0,True,Rural,N,False,False
LP001594,-1,True,0,True,False,5708,5625.0,187.0,360.0,True,Semiurban,Y,True,True
LP001603,-1,True,0,False,True,4344,736.0,87.0,360.0,True,Semiurban,N,False,True
LP001606,-1,True,0,True,False,3497,1964.0,116.0,360.0,True,Rural,Y,False,False
LP001608,-1,True,2,True,False,2045,1619.0,101.0,360.0,True,Rural,Y,False,False
LP001610,-1,True,3+,True,False,5516,11300.0,495.0,360.0,False,Semiurban,N,True,True
LP001616,-1,True,1,True,False,3750,0.0,116.0,360.0,True,Semiurban,Y,False,False
LP001630,-1,False,0,False,False,2333,1451.0,102.0,480.0,False,Urban,N,False,False
LP001633,-1,True,1,True,False,6400,7250.0,180.0,360.0,False,Urban,N,True,True
LP001636,-1,True,0,True,False,4600,0.0,73.0,180.0,True,Semiurban,Y,False,True
LP001637,-1,True,1,True,False,33846,0.0,260.0,360.0,True,Semiurban,N,True,True
LP001639,1,True,0,True,False,3625,0.0,108.0,360.0,True,Semiurban,Y,False,False
LP001640,-1,True,0,True,True,39147,4750.0,120.0,360.0,True,Semiurban,Y,False,True
LP001641,-1,True,1,True,True,2178,0.0,66.0,300.0,False,Rural,N,False,False
LP001647,-1,True,0,True,False,9328,0.0,188.0,180.0,True,Rural,Y,True,True
LP001653,-1,False,0,False,False,4885,0.0,48.0,360.0,True,Rural,Y,False,True
LP001656,-1,False,0,True,False,12000,0.0,164.0,360.0,True,Semiurban,N,True,True
LP001657,-1,True,0,False,False,6033,0.0,160.0,360.0,True,Urban,N,True,True
LP001658,-1,False,0,True,False,3858,0.0,76.0,360.0,True,Semiurban,Y,False,False
LP001664,-1,False,0,True,False,4191,0.0,120.0,360.0,True,Rural,Y,False,True
LP001665,-1,True,1,True,False,3125,2583.0,170.0,360.0,True,Semiurban,N,True,False
LP001666,-1,False,0,True,False,8333,3750.0,187.0,360.0,True,Rural,Y,True,True
LP001673,-1,False,0,True,True,11000,0.0,83.0,360.0,True,Urban,N,False,True
LP001674,-1,True,1,False,False,2600,2500.0,90.0,360.0,True,Semiurban,Y,False,False
LP001677,-1,False,2,True,False,4923,0.0,166.0,360.0,False,Semiurban,Y,True,True
LP001688,-1,True,1,False,False,3500,1083.0,135.0,360.0,True,Urban,Y,True,False
LP001691,-1,True,2,False,False,3917,0.0,124.0,360.0,True,Semiurban,Y,False,True
LP001692,1,False,0,False,False,4408,0.0,120.0,360.0,True,Semiurban,Y,False,True
LP001693,1,False,0,True,False,3244,0.0,80.0,360.0,True,Urban,Y,False,False
LP001698,-1,False,0,False,False,3975,2531.0,55.0,360.0,True,Rural,Y,False,True
LP001699,-1,False,0,True,False,2479,0.0,59.0,360.0,True,Urban,Y,False,False
LP001702,-1,False,0,True,False,3418,0.0,127.0,360.0,True,Semiurban,N,False,False
LP001708,1,False,0,True,False,10000,0.0,214.0,360.0,True,Semiurban,N,True,True
LP001711,-1,True,3+,True,False,3430,1250.0,128.0,360.0,False,Semiurban,N,False,False
LP001713,-1,True,1,True,True,7787,0.0,240.0,360.0,True,Urban,Y,True,True
LP001715,-1,True,3+,False,True,5703,0.0,130.0,360.0,True,Rural,Y,True,True
LP001716,-1,True,0,True,False,3173,3021.0,137.0,360.0,True,Urban,Y,True,False
LP001720,-1,True,3+,False,False,3850,983.0,100.0,360.0,True,Semiurban,Y,False,False
LP001722,-1,True,0,True,False,150,1800.0,135.0,360.0,True,Rural,N,True,False
LP001726,-1,True,0,True,False,3727,1775.0,131.0,360.0,True,Semiurban,Y,True,False
LP001736,-1,True,0,True,False,2221,0.0,60.0,360.0,False,Urban,N,False,False
LP001743,-1,True,2,True,False,4009,1717.0,116.0,360.0,True,Semiurban,Y,False,True
LP001744,-1,False,0,True,False,2971,2791.0,144.0,360.0,True,Semiurban,Y,True,False
LP001750,-1,True,0,True,False,6250,0.0,128.0,360.0,True,Semiurban,Y,False,True
LP001751,-1,True,0,True,False,3250,0.0,170.0,360.0,True,Rural,N,True,False
LP001754,-1,True,,False,True,4735,0.0,138.0,360.0,True,Urban,N,True,True
LP001758,-1,True,2,True,False,6250,1695.0,210.0,360.0,True,Semiurban,Y,True,True
LP001761,-1,False,0,True,True,6400,0.0,200.0,360.0,True,Rural,Y,True,True
LP001765,-1,True,1,True,False,2491,2054.0,104.0,360.0,True,Semiurban,Y,False,False
LP001776,1,False,0,True,False,8333,0.0,280.0,360.0,True,Semiurban,Y,True,True
LP001778,-1,True,1,True,False,3155,1779.0,140.0,360.0,True,Semiurban,Y,True,False
LP001784,-1,True,1,True,False,5500,1260.0,170.0,360.0,True,Rural,Y,True,True
LP001790,1,False,1,True,False,3812,0.0,112.0,360.0,True,Rural,Y,False,False
LP001792,-1,True,1,True,False,3315,0.0,96.0,360.0,True,Semiurban,Y,False,False
LP001798,-1,True,2,True,False,5819,5000.0,120.0,360.0,True,Rural,Y,False,True
LP001800,-1,True,1,False,False,2510,1983.0,140.0,180.0,True,Urban,N,True,False
LP001806,-1,False,0,True,False,2965,5701.0,155.0,60.0,True,Urban,Y,True,False
LP001807,-1,True,2,True,True,6250,1300.0,108.0,360.0,True,Rural,Y,False,True
LP001811,-1,True,0,False,False,3406,4417.0,123.0,360.0,True,Semiurban,Y,False,False
LP001813,-1,False,0,True,True,6050,4333.0,120.0,180.0,True,Urban,N,False,True
LP001814,-1,True,2,True,False,9703,0.0,112.0,360.0,True,Urban,Y,False,True
LP001819,-1,True,1,False,False,6608,0.0,137.0,180.0,True,Urban,Y,True,True
LP001824,-1,True,1,True,False,2882,1843.0,123.0,480.0,True,Semiurban,Y,False,False
LP001825,-1,True,0,True,False,1809,1868.0,90.0,360.0,True,Urban,Y,False,False
LP001835,-1,True,0,False,False,1668,3890.0,201.0,360.0,False,Semiurban,N,True,False
LP001836,1,False,2,True,False,3427,0.0,138.0,360.0,True,Urban,N,True,False
LP001841,-1,False,0,False,True,2583,2167.0,104.0,360.0,True,Rural,Y,False,False
LP001843,-1,True,1,False,False,2661,7101.0,279.0,180.0,True,Semiurban,Y,True,False
LP001844,-1,False,0,True,True,16250,0.0,192.0,360.0,False,Urban,N,True,True
LP001846,1,False,3+,True,False,3083,0.0,255.0,360.0,True,Rural,Y,True,False
LP001849,-1,False,0,False,False,6045,0.0,115.0,360.0,False,Rural,N,False,True
LP001854,-1,True,3+,True,False,5250,0.0,94.0,360.0,True,Urban,N,False,True
LP001859,-1,True,0,True,False,14683,2100.0,304.0,360.0,True,Rural,N,True,True
LP001868,-1,False,0,True,False,2060,2209.0,134.0,360.0,True,Semiurban,Y,True,False
LP001870,1,False,1,True,False,3481,0.0,155.0,36.0,True,Semiurban,N,True,False
LP001871,1,False,0,True,False,7200,0.0,120.0,360.0,True,Rural,Y,False,True
LP001872,-1,False,0,True,True,5166,0.0,128.0,360.0,True,Semiurban,Y,False,True
LP001875,-1,False,0,True,False,4095,3447.0,151.0,360.0,True,Rural,Y,True,True
LP001877,-1,True,2,True,False,4708,1387.0,150.0,360.0,True,Semiurban,Y,True,True
LP001882,-1,True,3+,True,False,4333,1811.0,160.0,360.0,False,Urban,Y,True,True
LP001884,1,False,1,True,False,2876,1560.0,90.0,360.0,True,Urban,Y,False,False
LP001888,1,False,0,True,False,3237,0.0,30.0,360.0,True,Urban,Y,False,False
LP001891,-1,True,0,True,False,11146,0.0,136.0,360.0,True,Urban,Y,True,True
LP001892,-1,False,0,True,False,2833,1857.0,126.0,360.0,True,Rural,Y,False,False
LP001894,-1,True,0,True,False,2620,2223.0,150.0,360.0,True,Semiurban,Y,True,False
LP001896,-1,True,2,True,False,3900,0.0,90.0,360.0,True,Semiurban,Y,False,True
LP001900,-1,True,1,True,False,2750,1842.0,115.0,360.0,True,Semiurban,Y,False,False
LP001903,-1,True,0,True,False,3993,3274.0,207.0,360.0,True,Semiurban,Y,True,True
LP001904,-1,True,0,True,False,3103,1300.0,80.0,360.0,True,Urban,Y,False,False
LP001907,-1,True,0,True,False,14583,0.0,436.0,360.0,True,Semiurban,Y,True,True
LP001910,-1,False,1,False,True,4053,2426.0,158.0,360.0,False,Urban,N,True,True
LP001914,-1,True,0,True,False,3927,800.0,112.0,360.0,True,Semiurban,Y,False,True
LP001915,-1,True,2,True,False,2301,985.7999877999998,78.0,180.0,True,Urban,Y,False,False
LP001917,1,False,0,True,False,1811,1666.0,54.0,360.0,True,Urban,Y,False,False
LP001924,-1,False,0,True,False,3158,3053.0,89.0,360.0,True,Rural,Y,False,False
LP001925,1,False,0,True,True,2600,1717.0,99.0,300.0,True,Semiurban,N,False,False
LP001926,-1,True,0,True,False,3704,2000.0,120.0,360.0,True,Rural,Y,False,False
LP001931,1,False,0,True,False,4124,0.0,115.0,360.0,True,Semiurban,Y,False,True
LP001935,-1,False,0,True,False,9508,0.0,187.0,360.0,True,Rural,Y,True,True
LP001936,-1,True,0,True,False,3075,2416.0,139.0,360.0,True,Rural,Y,True,False
LP001938,-1,True,2,True,False,4400,0.0,127.0,360.0,False,Semiurban,N,False,True
LP001940,-1,True,2,True,False,3153,1560.0,134.0,360.0,True,Urban,Y,True,False
LP001945,1,False,,True,False,5417,0.0,143.0,480.0,False,Urban,N,True,True
LP001947,-1,True,0,True,False,2383,3334.0,172.0,360.0,True,Semiurban,Y,True,False
LP001953,-1,True,1,True,False,6875,0.0,200.0,360.0,True,Semiurban,Y,True,True
LP001954,1,True,1,True,False,4666,0.0,135.0,360.0,True,Urban,Y,True,True
LP001955,1,False,0,True,False,5000,2541.0,151.0,480.0,True,Rural,N,True,True
LP001963,-1,True,1,True,False,2014,2925.0,113.0,360.0,True,Urban,N,False,False
LP001964,-1,True,0,False,False,1800,2934.0,93.0,360.0,False,Urban,N,False,False
LP001972,-1,True,,False,False,2875,1750.0,105.0,360.0,True,Semiurban,Y,False,False
LP001974,1,False,0,True,False,5000,0.0,132.0,360.0,True,Rural,Y,True,True
LP001977,-1,True,1,True,False,1625,1803.0,96.0,360.0,True,Urban,Y,False,False
LP001978,-1,False,0,True,False,4000,2500.0,140.0,360.0,True,Rural,Y,True,True
LP001993,1,False,0,True,False,3762,1666.0,135.0,360.0,True,Rural,Y,True,False
LP001994,1,False,0,True,False,2400,1863.0,104.0,360.0,False,Urban,N,False,False
LP001996,-1,False,0,True,False,20233,0.0,480.0,360.0,True,Rural,N,True,True
LP002002,1,False,0,True,False,2917,0.0,84.0,360.0,True,Semiurban,Y,False,False
LP002004,-1,False,0,False,False,2927,2405.0,111.0,360.0,True,Semiurban,Y,False,False
LP002006,1,False,0,True,False,2507,0.0,56.0,360.0,True,Rural,Y,False,False
LP002031,-1,True,1,False,False,3399,1640.0,111.0,180.0,True,Urban,Y,False,False
LP002035,-1,True,2,True,False,3717,0.0,120.0,360.0,True,Semiurban,Y,False,False
LP002050,-1,True,1,True,True,10000,0.0,155.0,360.0,True,Rural,N,True,True
LP002051,-1,True,0,True,False,2400,2167.0,115.0,360.0,True,Semiurban,Y,False,False
LP002053,-1,True,3+,True,False,4342,189.0,124.0,360.0,True,Semiurban,Y,False,True
LP002065,-1,True,3+,True,False,15000,0.0,300.0,360.0,True,Rural,Y,True,True
LP002067,-1,True,1,True,True,8666,4983.0,376.0,360.0,False,Rural,N,True,True
LP002068,-1,False,0,True,False,4917,0.0,130.0,360.0,False,Rural,Y,True,True
LP002082,-1,True,0,True,True,5818,2160.0,184.0,360.0,True,Semiurban,Y,True,True
LP002086,1,True,0,True,False,4333,2451.0,110.0,360.0,True,Urban,N,False,True
LP002087,1,False,0,True,False,2500,0.0,67.0,360.0,True,Urban,Y,False,False
LP002097,-1,False,1,True,False,4384,1793.0,117.0,360.0,True,Urban,Y,False,True
LP002098,-1,False,0,True,False,2935,0.0,98.0,360.0,True,Semiurban,Y,False,False
LP002100,-1,False,,True,False,2833,0.0,71.0,360.0,True,Urban,Y,False,False
LP002112,-1,True,2,True,True,2500,4600.0,176.0,360.0,True,Rural,Y,True,False
LP002114,1,False,0,True,False,4160,0.0,71.0,360.0,True,Semiurban,Y,False,True
LP002115,-1,True,3+,False,False,2647,1587.0,173.0,360.0,True,Rural,N,True,False
LP002116,1,False,0,True,False,2378,0.0,46.0,360.0,True,Rural,N,False,False
LP002119,-1,True,1,False,False,4554,1229.0,158.0,360.0,True,Urban,Y,True,True
LP002126,-1,True,3+,False,False,3173,0.0,74.0,360.0,True,Semiurban,Y,False,False
LP002129,-1,True,0,True,False,2499,2458.0,160.0,360.0,True,Semiurban,Y,True,False
LP002130,-1,True,,False,False,3523,3230.0,152.0,360.0,False,Rural,N,True,False
LP002131,-1,True,2,False,False,3083,2168.0,126.0,360.0,True,Urban,Y,False,False
LP002138,-1,True,0,True,False,2625,6250.0,187.0,360.0,True,Rural,Y,True,False
LP002139,-1,True,0,True,False,9083,0.0,228.0,360.0,True,Semiurban,Y,True,True
LP002140,-1,False,0,True,False,8750,4167.0,308.0,360.0,True,Rural,N,True,True
LP002141,-1,True,3+,True,False,2666,2083.0,95.0,360.0,True,Rural,Y,False,False
LP002142,1,True,0,True,True,5500,0.0,105.0,360.0,False,Rural,N,False,True
LP002143,1,True,0,True,False,2423,505.0,130.0,360.0,True,Semiurban,Y,True,False
LP002144,1,False,,True,False,3813,0.0,116.0,180.0,True,Urban,Y,False,False
LP002149,-1,True,2,True,False,8333,3167.0,165.0,360.0,True,Rural,Y,True,True
LP002151,-1,True,1,True,False,3875,0.0,67.0,360.0,True,Urban,N,False,True
LP002158,-1,True,0,False,False,3000,1666.0,100.0,480.0,False,Urban,N,False,False
LP002160,-1,True,3+,True,False,5167,3167.0,200.0,360.0,True,Semiurban,Y,True,True
LP002161,1,False,1,True,False,4723,0.0,81.0,360.0,True,Semiurban,N,False,True
LP002170,-1,True,2,True,False,5000,3667.0,236.0,360.0,True,Semiurban,Y,True,True
LP002175,-1,True,0,True,False,4750,2333.0,130.0,360.0,True,Urban,Y,True,True
LP002180,-1,False,0,True,True,6822,0.0,141.0,360.0,True,Rural,Y,True,True
LP002181,-1,False,0,False,False,6216,0.0,133.0,360.0,True,Rural,N,True,True
LP002187,-1,False,0,True,False,2500,0.0,96.0,480.0,True,Semiurban,N,False,False
LP002190,-1,True,1,True,False,6325,0.0,175.0,360.0,True,Semiurban,Y,True,True
LP002191,-1,True,0,True,False,19730,5266.0,570.0,360.0,True,Rural,N,True,True
LP002194,1,False,0,True,True,15759,0.0,55.0,360.0,True,Semiurban,Y,False,True
LP002197,-1,True,2,True,False,5185,0.0,155.0,360.0,True,Semiurban,Y,True,True
LP002201,-1,True,2,True,True,9323,7873.0,380.0,300.0,True,Rural,Y,True,True
LP002205,-1,False,1,True,False,3062,1987.0,111.0,180.0,False,Urban,N,False,False
LP002211,-1,True,0,True,False,4817,923.0,120.0,180.0,True,Urban,Y,False,True
LP002219,-1,True,3+,True,False,8750,4996.0,130.0,360.0,True,Rural,Y,True,True
LP002224,-1,False,0,True,False,3069,0.0,71.0,480.0,True,Urban,N,False,False
LP002225,-1,True,2,True,False,5391,0.0,130.0,360.0,True,Urban,Y,True,True
LP002229,-1,False,0,True,False,5941,4232.0,296.0,360.0,True,Semiurban,Y,True,True
LP002231,1,False,0,True,False,6000,0.0,156.0,360.0,True,Urban,Y,True,True
LP002234,-1,False,0,True,True,7167,0.0,128.0,360.0,True,Urban,Y,False,True
LP002236,-1,True,2,True,False,4566,0.0,100.0,360.0,True,Urban,N,False,True
LP002239,-1,False,0,False,False,2346,1600.0,132.0,360.0,True,Semiurban,Y,True,False
LP002244,-1,True,0,True,False,2333,2417.0,136.0,360.0,True,Urban,Y,True,False
LP002250,-1,True,0,True,False,5488,0.0,125.0,360.0,True,Rural,Y,False,True
LP002255,-1,False,3+,True,False,9167,0.0,185.0,360.0,True,Rural,Y,True,True
LP002262,-1,True,3+,True,False,9504,0.0,275.0,360.0,True,Rural,Y,True,True
LP002265,-1,True,2,False,False,1993,1625.0,113.0,180.0,True,Semiurban,Y,False,False
LP002266,-1,True,2,True,False,3100,1400.0,113.0,360.0,True,Urban,Y,False,False
LP002277,1,False,0,True,False,3180,0.0,71.0,360.0,False,Urban,N,False,False
LP002281,-1,True,0,True,False,3033,1459.0,95.0,360.0,True,Urban,Y,False,False
LP002284,-1,False,0,False,False,3902,1666.0,109.0,360.0,True,Rural,Y,False,True
LP002287,1,False,0,True,False,1500,1800.0,103.0,360.0,False,Semiurban,N,False,False
LP002288,-1,True,2,False,False,2889,0.0,45.0,180.0,False,Urban,N,False,False
LP002296,-1,False,0,False,False,2755,0.0,65.0,300.0,True,Rural,N,False,False
LP002297,-1,False,0,True,False,2500,20000.0,103.0,360.0,True,Semiurban,Y,False,False
LP002300,1,False,0,False,False,1963,0.0,53.0,360.0,True,Semiurban,Y,False,False
LP002301,1,False,0,True,True,7441,0.0,194.0,360.0,True,Rural,N,True,True
LP002305,1,False,0,True,False,4547,0.0,115.0,360.0,True,Semiurban,Y,False,True
LP002308,-1,True,0,False,False,2167,2400.0,115.0,360.0,True,Urban,Y,False,False
LP002314,1,False,0,False,False,2213,0.0,66.0,360.0,True,Rural,Y,False,False
LP002315,-1,True,1,True,False,8300,0.0,152.0,300.0,False,Semiurban,N,True,True
LP002317,-1,True,3+,True,False,81000,0.0,360.0,360.0,False,Rural,N,True,True
LP002318,1,False,1,False,True,3867,0.0,62.0,360.0,True,Semiurban,N,False,True
LP002328,-1,True,0,False,False,6096,0.0,218.0,360.0,False,Rural,N,True,True
LP002332,-1,True,0,False,False,2253,2033.0,110.0,360.0,True,Rural,Y,False,False
LP002335,1,True,0,False,False,2149,3237.0,178.0,360.0,False,Semiurban,N,True,False
LP002337,1,False,0,True,False,2995,0.0,60.0,360.0,True,Urban,Y,False,False
LP002341,1,False,1,True,False,2600,0.0,160.0,360.0,True,Urban,N,True,False
LP002342,-1,True,2,True,True,1600,20000.0,239.0,360.0,True,Urban,N,True,False
LP002345,-1,True,0,True,False,1025,2773.0,112.0,360.0,True,Rural,Y,False,False
LP002347,-1,True,0,True,False,3246,1417.0,138.0,360.0,True,Semiurban,Y,True,False
LP002348,-1,True,0,True,False,5829,0.0,138.0,360.0,True,Rural,Y,True,True
LP002361,-1,True,0,True,False,1820,1719.0,100.0,360.0,True,Urban,Y,False,False
LP002364,-1,True,0,True,False,14880,0.0,96.0,360.0,True,Semiurban,Y,False,True
LP002366,-1,True,0,True,False,2666,4300.0,121.0,360.0,True,Rural,Y,False,False
LP002367,1,False,1,False,False,4606,0.0,81.0,360.0,True,Rural,N,False,True
LP002368,-1,True,2,True,False,5935,0.0,133.0,360.0,True,Semiurban,Y,True,True
LP002369,-1,True,0,True,False,2920,16.12000084,87.0,360.0,True,Rural,Y,False,False
LP002370,-1,False,0,False,False,2717,0.0,60.0,180.0,True,Urban,Y,False,False
LP002377,1,False,1,True,True,8624,0.0,150.0,360.0,True,Semiurban,Y,True,True
LP002379,-1,False,0,True,False,6500,0.0,105.0,360.0,False,Rural,N,False,True
LP002387,-1,True,0,True,False,2425,2340.0,143.0,360.0,True,Semiurban,Y,True,False
LP002390,-1,False,0,True,False,3750,0.0,100.0,360.0,True,Urban,Y,False,False
LP002398,-1,False,0,True,False,1926,1851.0,50.0,360.0,True,Semiurban,Y,False,False
LP002403,-1,False,0,True,True,10416,0.0,187.0,360.0,False,Urban,N,True,True
LP002407,1,True,0,False,True,7142,0.0,138.0,360.0,True,Rural,Y,True,True
LP002408,-1,False,0,True,False,3660,5064.0,187.0,360.0,True,Semiurban,Y,True,False
LP002409,-1,True,0,True,False,7901,1833.0,180.0,360.0,True,Rural,Y,True,True
LP002418,-1,False,3+,False,False,4707,1993.0,148.0,360.0,True,Semiurban,Y,True,True
LP002422,-1,False,1,True,False,37719,0.0,152.0,360.0,True,Semiurban,Y,True,True
LP002429,-1,True,1,True,True,3466,1210.0,130.0,360.0,True,Rural,Y,True,False
LP002434,-1,True,2,False,False,4652,0.0,110.0,360.0,True,Rural,Y,False,True
LP002443,-1,True,2,True,False,3340,1710.0,150.0,360.0,False,Rural,N,True,False
LP002446,-1,True,2,False,False,2309,1255.0,125.0,360.0,False,Rural,N,False,False
LP002448,-1,True,0,True,False,3948,1733.0,149.0,360.0,False,Rural,N,True,True
LP002449,-1,True,0,True,False,2483,2466.0,90.0,180.0,False,Rural,Y,False,False
LP002453,-1,False,0,True,True,7085,0.0,84.0,360.0,True,Semiurban,Y,False,True
LP002455,-1,True,2,True,False,3859,0.0,96.0,360.0,True,Semiurban,Y,False,True
LP002459,-1,True,0,True,False,4301,0.0,118.0,360.0,True,Urban,Y,False,True
LP002467,-1,True,0,True,False,3708,2569.0,173.0,360.0,True,Urban,N,True,False
LP002472,-1,False,2,True,False,4354,0.0,136.0,360.0,True,Rural,Y,True,True
LP002473,-1,True,0,True,False,8334,0.0,160.0,360.0,True,Semiurban,N,True,True
LP002484,-1,True,3+,True,False,7740,0.0,128.0,180.0,True,Urban,Y,False,True
LP002487,-1,True,0,True,False,3015,2188.0,153.0,360.0,True,Rural,Y,True,False
LP002493,-1,False,0,True,False,4166,0.0,98.0,360.0,False,Semiurban,N,False,True
LP002494,-1,False,0,True,False,6000,0.0,140.0,360.0,True,Rural,Y,True,True
LP002500,-1,True,3+,False,False,2947,1664.0,70.0,180.0,False,Urban,N,False,False
LP002505,-1,True,0,True,False,4333,2451.0,110.0,360.0,True,Urban,N,False,True
LP002515,-1,True,1,True,True,3450,2079.0,162.0,360.0,True,Semiurban,Y,True,False
LP002517,-1,True,1,False,False,2653,1500.0,113.0,180.0,False,Rural,N,False,False
LP002519,-1,True,3+,True,False,4691,0.0,100.0,360.0,True,Semiurban,Y,False,True
LP002524,-1,False,2,True,False,5532,4648.0,162.0,360.0,True,Rural,Y,True,True
LP002527,-1,True,2,True,True,16525,1014.0,150.0,360.0,True,Rural,Y,True,True
LP002529,-1,True,2,True,False,6700,1750.0,230.0,300.0,True,Semiurban,Y,True,True
LP002531,-1,True,1,True,True,16667,2250.0,86.0,360.0,True,Semiurban,Y,False,True
LP002534,1,False,0,False,False,4350,0.0,154.0,360.0,True,Rural,Y,True,True
LP002536,-1,True,3+,False,False,3095,0.0,113.0,360.0,True,Rural,Y,False,False
LP002537,-1,True,0,True,False,2083,3150.0,128.0,360.0,True,Semiurban,Y,False,False
LP002541,-1,True,0,True,False,10833,0.0,234.0,360.0,True,Semiurban,Y,True,True
LP002543,-1,True,2,True,False,8333,0.0,246.0,360.0,True,Semiurban,Y,True,True
LP002544,-1,True,1,False,False,1958,2436.0,131.0,360.0,True,Rural,Y,True,False
LP002545,-1,False,2,True,False,3547,0.0,80.0,360.0,False,Rural,N,False,False
LP002547,-1,True,1,True,False,18333,0.0,500.0,360.0,True,Urban,N,True,True
LP002555,-1,True,2,True,True,4583,2083.0,160.0,360.0,True,Semiurban,Y,True,True
LP002556,-1,False,0,True,False,2435,0.0,75.0,360.0,True,Urban,N,False,False
LP002571,-1,False,0,False,False,3691,0.0,110.0,360.0,True,Rural,Y,False,False
LP002582,1,False,0,False,True,17263,0.0,225.0,360.0,True,Semiurban,Y,True,True
LP002585,-1,True,0,True,False,3597,2157.0,119.0,360.0,False,Rural,N,False,False
LP002586,1,True,1,True,False,3326,913.0,105.0,84.0,True,Semiurban,Y,False,False
LP002587,-1,True,0,False,False,2600,1700.0,107.0,360.0,True,Rural,Y,False,False
LP002600,-1,True,1,True,True,2895,0.0,95.0,360.0,True,Semiurban,Y,False,False
LP002602,-1,False,0,True,False,6283,4416.0,209.0,360.0,False,Rural,N,True,True
LP002603,1,False,0,True,False,645,3683.0,113.0,480.0,True,Rural,Y,False,False
LP002606,1,False,0,True,False,3159,0.0,100.0,360.0,True,Semiurban,Y,False,False
LP002615,-1,True,2,True,False,4865,5624.0,208.0,360.0,True,Semiurban,Y,True,True
LP002619,-1,True,0,False,False,3814,1483.0,124.0,300.0,True,Semiurban,Y,False,False
LP002622,-1,True,2,True,False,3510,4416.0,243.0,360.0,True,Rural,Y,True,False
LP002626,-1,True,0,True,True,2479,3013.0,188.0,360.0,True,Urban,Y,True,False
LP002634,1,False,1,True,False,13262,0.0,40.0,360.0,True,Urban,Y,False,True
LP002637,-1,False,0,False,False,3598,1287.0,100.0,360.0,True,Rural,N,False,False
LP002640,-1,True,1,True,False,6065,2004.0,250.0,360.0,True,Semiurban,Y,True,True
LP002643,-1,True,2,True,False,3283,2035.0,148.0,360.0,True,Urban,Y,True,False
LP002648,-1,True,0,True,False,2130,6666.0,70.0,180.0,True,Semiurban,N,False,False
LP002652,-1,False,0,True,False,5815,3666.0,311.0,360.0,True,Rural,N,True,True
LP002659,-1,True,3+,True,False,3466,3428.0,150.0,360.0,True,Rural,Y,True,False
LP002670,1,True,2,True,False,2031,1632.0,113.0,480.0,True,Semiurban,Y,False,False
LP002682,-1,True,,False,False,3074,1800.0,123.0,360.0,False,Semiurban,N,False,False
LP002683,-1,False,0,True,False,4683,1915.0,185.0,360.0,True,Semiurban,N,True,True
LP002684,1,False,0,False,False,3400,0.0,95.0,360.0,True,Rural,N,False,False
LP002689,-1,True,2,False,False,2192,1742.0,45.0,360.0,True,Semiurban,Y,False,False
LP002690,-1,False,0,True,False,2500,0.0,55.0,360.0,True,Semiurban,Y,False,False
LP002692,-1,True,3+,True,True,5677,1424.0,100.0,360.0,True,Rural,Y,False,True
LP002693,-1,True,2,True,True,7948,7166.0,480.0,360.0,True,Rural,Y,True,True
LP002699,-1,True,2,True,True,17500,0.0,400.0,360.0,True,Rural,Y,True,True
LP002705,-1,True,0,True,False,3775,0.0,110.0,360.0,True,Semiurban,Y,False,False
LP002706,-1,True,1,False,False,5285,1430.0,161.0,360.0,False,Semiurban,Y,True,True
LP002714,-1,False,1,False,False,2679,1302.0,94.0,360.0,True,Semiurban,Y,False,False
LP002716,-1,False,0,False,False,6783,0.0,130.0,360.0,True,Semiurban,Y,True,True
LP002720,-1,True,3+,True,False,4281,0.0,100.0,360.0,True,Urban,Y,False,True
LP002723,-1,False,2,True,False,3588,0.0,110.0,360.0,False,Rural,N,False,False
LP002731,1,False,0,False,True,18165,0.0,125.0,360.0,True,Urban,Y,False,True
LP002734,-1,True,0,True,False,6133,3906.0,324.0,360.0,True,Urban,Y,True,True
LP002738,-1,False,2,True,False,3617,0.0,107.0,360.0,True,Semiurban,Y,False,False
LP002739,-1,True,0,False,False,2917,536.0,66.0,360.0,True,Rural,N,False,False
LP002740,-1,True,3+,True,False,6417,0.0,157.0,180.0,True,Rural,Y,True,True
LP002741,1,True,1,True,False,4608,2845.0,140.0,180.0,True,Semiurban,Y,True,True
LP002743,1,False,0,True,False,2138,0.0,99.0,360.0,False,Semiurban,N,False,False
LP002755,-1,True,1,False,False,2239,2524.0,128.0,360.0,True,Urban,Y,False,False
LP002767,-1,True,0,True,False,2768,1950.0,155.0,360.0,True,Rural,Y,True,False
LP002768,-1,False,0,False,False,3358,0.0,80.0,36.0,True,Semiurban,N,False,False
LP002772,-1,False,0,True,False,2526,1783.0,145.0,360.0,True,Rural,Y,True,False
LP002776,1,False,0,True,False,5000,0.0,103.0,360.0,False,Semiurban,N,False,True
LP002777,-1,True,0,True,False,2785,2016.0,110.0,360.0,True,Rural,Y,False,False
LP002785,-1,True,1,True,False,3333,3250.0,158.0,360.0,True,Urban,Y,True,False
LP002788,-1,True,0,False,False,2454,2333.0,181.0,360.0,False,Urban,N,True,False
LP002789,-1,True,0,True,False,3593,4266.0,132.0,180.0,False,Rural,N,True,False
LP002792,-1,True,1,True,False,5468,1032.0,26.0,360.0,True,Semiurban,Y,False,True
LP002795,-1,True,3+,True,True,10139,0.0,260.0,360.0,True,Semiurban,Y,True,True
LP002798,-1,True,0,True,False,3887,2669.0,162.0,360.0,True,Semiurban,Y,True,True
LP002804,1,True,0,True,False,4180,2306.0,182.0,360.0,True,Semiurban,Y,True,True
LP002807,-1,True,2,False,False,3675,242.0,108.0,360.0,True,Semiurban,Y,False,False
LP002813,1,True,1,True,True,19484,0.0,600.0,360.0,True,Semiurban,Y,True,True
LP002820,-1,True,0,True,False,5923,2054.0,211.0,360.0,True,Rural,Y,True,True
LP002821,-1,False,0,False,True,5800,0.0,132.0,360.0,True,Semiurban,Y,True,True
LP002832,-1,True,2,True,False,8799,0.0,258.0,360.0,False,Urban,N,True,True
LP002836,-1,False,0,True,False,3333,0.0,70.0,360.0,True,Urban,Y,False,False
LP002837,-1,True,3+,True,False,3400,2500.0,123.0,360.0,False,Rural,N,False,False
LP002840,1,False,0,True,False,2378,0.0,9.0,360.0,True,Urban,N,False,False
LP002841,-1,True,0,True,False,3166,2064.0,104.0,360.0,False,Urban,N,False,False
LP002842,-1,True,1,True,False,3417,1750.0,186.0,360.0,True,Urban,Y,True,False
LP002847,-1,True,,True,False,5116,1451.0,165.0,360.0,False,Urban,N,True,True
LP002855,-1,True,2,True,False,16666,0.0,275.0,360.0,True,Urban,Y,True,True
LP002862,-1,True,2,False,False,6125,1625.0,187.0,480.0,True,Semiurban,N,True,True
LP002863,-1,True,3+,True,False,6406,0.0,150.0,360.0,True,Semiurban,N,True,True
LP002868,-1,True,2,True,False,3159,461.0,108.0,84.0,True,Urban,Y,False,False
LP002874,-1,False,0,True,False,3229,2739.0,110.0,360.0,True,Urban,Y,False,False
LP002877,-1,True,1,True,False,1782,2232.0,107.0,360.0,True,Rural,Y,False,False
LP002892,-1,True,2,True,False,6540,0.0,205.0,360.0,True,Semiurban,Y,True,True
LP002893,-1,False,0,True,False,1836,33837.0,90.0,360.0,True,Urban,N,False,False
LP002894,1,True,0,True,False,3166,0.0,36.0,360.0,True,Semiurban,Y,False,False
LP002911,-1,True,1,True,False,2787,1917.0,146.0,360.0,False,Rural,N,True,False
LP002912,-1,True,1,True,False,4283,3000.0,172.0,84.0,True,Rural,N,True,True
LP002916,-1,True,0,True,False,2297,1522.0,104.0,360.0,True,Urban,Y,False,False
LP002917,1,False,0,False,False,2165,0.0,70.0,360.0,True,Semiurban,Y,False,False
LP002926,-1,True,2,True,True,2726,0.0,106.0,360.0,False,Semiurban,N,False,False
LP002928,-1,True,0,True,False,3000,3416.0,56.0,180.0,True,Semiurban,Y,False,False
LP002931,-1,True,2,True,True,6000,0.0,205.0,240.0,True,Semiurban,N,True,True
LP002936,-1,True,0,True,False,3859,3300.0,142.0,180.0,True,Rural,Y,True,True
LP002938,-1,True,0,True,True,16120,0.0,260.0,360.0,True,Urban,Y,True,True
LP002940,-1,False,0,False,False,3833,0.0,110.0,360.0,True,Rural,Y,False,False
LP002941,-1,True,2,False,True,6383,1000.0,187.0,360.0,True,Rural,N,True,True
LP002943,-1,False,,True,False,2987,0.0,88.0,360.0,False,Semiurban,N,False,False
LP002945,-1,True,0,True,True,9963,0.0,180.0,360.0,True,Rural,Y,True,True
LP002948,-1,True,2,True,False,5780,0.0,192.0,360.0,True,Urban,Y,True,True
LP002953,-1,True,3+,True,False,5703,0.0,128.0,360.0,True,Urban,Y,False,True
LP002958,-1,False,0,True,False,3676,4301.0,172.0,360.0,True,Rural,Y,True,False
LP002959,1,True,1,True,False,12000,0.0,496.0,360.0,True,Semiurban,Y,True,True
LP002961,-1,True,1,True,False,3400,2500.0,173.0,360.0,True,Semiurban,Y,True,False
LP002964,-1,True,2,False,False,3987,1411.0,157.0,360.0,True,Rural,Y,True,True
LP002974,-1,True,0,True,False,3232,1950.0,108.0,360.0,True,Rural,Y,False,False
LP002978,1,False,0,True,False,2900,0.0,71.0,360.0,True,Rural,Y,False,False
LP002979,-1,True,3+,True,False,4106,0.0,40.0,180.0,True,Rural,Y,False,True
LP002983,-1,True,1,True,False,8072,240.0,253.0,360.0,True,Urban,Y,True,True
LP002984,-1,True,2,True,False,7583,0.0,187.0,360.0,True,Urban,Y,True,True
LP002990,1,False,0,True,True,4583,0.0,133.0,360.0,False,Semiurban,N,True,True
